dataset,model,seed,group,n,ndcg20
grocery,patt2,14,1-5,6724,0.3555201036119497
grocery,patt2,14,6-10,4745,0.3705521527546688
grocery,patt2,14,11-20,2069,0.40208500295829325
grocery,patt2,14,21-30,1143,0.40709057468074566
grocery,patt2,14,user-macro,14681,0.37095603429524243
grocery,patt2,42,1-5,6724,0.3539082791887288
grocery,patt2,42,6-10,4745,0.36870927738343334
grocery,patt2,42,11-20,2069,0.3976234015496096
grocery,patt2,42,21-30,1143,0.41059067305843266
grocery,patt2,42,user-macro,14681,0.36926590474499926
grocery,patt2,2026,1-5,6724,0.3548626266351266
grocery,patt2,2026,6-10,4745,0.37203047414181817
grocery,patt2,2026,11-20,2069,0.407721555213535
grocery,patt2,2026,21-30,1143,0.4085429484605469
grocery,patt2,2026,user-macro,14681,0.3720401463881703
grocery,sasrec,14,1-5,6724,0.31305432836209696
grocery,sasrec,14,6-10,4745,0.3232240191130815
grocery,sasrec,14,11-20,2069,0.4033075768129239
grocery,sasrec,14,21-30,1143,0.44900133057777786
grocery,sasrec,14,user-macro,14681,0.3396449269037975
grocery,sasrec,42,1-5,6724,0.3118150890541891
grocery,sasrec,42,6-10,4745,0.32706188747245135
grocery,sasrec,42,11-20,2069,0.4049287223912693
grocery,sasrec,42,21-30,1143,0.4395383552667811
grocery,sasrec,42,user-macro,14681,0.3398094940095781
grocery,sasrec,2026,1-5,6724,0.31209531945235286
grocery,sasrec,2026,6-10,4745,0.3277008423547819
grocery,sasrec,2026,11-20,2069,0.39627664601186513
grocery,sasrec,2026,21-30,1143,0.43527682317183786
grocery,sasrec,2026,user-macro,14681,0.33859323032865746
grocery,gru4rec,14,1-5,6724,0.2725584414118184
grocery,gru4rec,14,6-10,4745,0.3003000745281059
grocery,gru4rec,14,11-20,2069,0.36615767741277117
grocery,gru4rec,14,21-30,1143,0.41392160841822606
grocery,gru4rec,14,user-macro,14681,0.3057216433947269
grocery,gru4rec,42,1-5,6724,0.2789353486668163
grocery,gru4rec,42,6-10,4745,0.30180709247654547
grocery,gru4rec,42,11-20,2069,0.38060852088705704
grocery,gru4rec,42,21-30,1143,0.41694440274887984
grocery,gru4rec,42,user-macro,14681,0.31140129557211166
grocery,gru4rec,2026,1-5,6724,0.27273645750733894
grocery,gru4rec,2026,6-10,4745,0.2989110849021969
grocery,gru4rec,2026,11-20,2069,0.3681248073676656
grocery,gru4rec,2026,21-30,1143,0.39334865597570573
grocery,gru4rec,2026,user-macro,14681,0.3040297512679111
grocery,lcpatt2,14,1-5,6724,0.33131006024574466
grocery,lcpatt2,14,6-10,4745,0.3448158832763361
grocery,lcpatt2,14,11-20,2069,0.3945511521785606
grocery,lcpatt2,14,21-30,1143,0.4184945107062836
grocery,lcpatt2,14,user-macro,14681,0.3513756399995454
grocery,lcpatt2,42,1-5,6724,0.3286853071964394
grocery,lcpatt2,42,6-10,4745,0.3466247323815506
grocery,lcpatt2,42,11-20,2069,0.39234831593425923
grocery,lcpatt2,42,21-30,1143,0.4262099052366983
grocery,lcpatt2,42,user-macro,14681,0.3510483582925445
grocery,lcpatt2,2026,1-5,6724,0.3269384990194411
grocery,lcpatt2,2026,6-10,4745,0.34645061483908834
grocery,lcpatt2,2026,11-20,2069,0.403102998804348
grocery,lcpatt2,2026,21-30,1143,0.4207186796258483
grocery,lcpatt2,2026,user-macro,14681,0.3512801709799561
ml1m,patt2,14,1-5,9,0.6646223212815774
ml1m,patt2,14,6-10,10,0.7472269038761716
ml1m,patt2,14,11-20,37,0.6148504630456606
ml1m,patt2,14,21-30,2818,0.4715828241879483
ml1m,patt2,14,user-macro,226,0.39032114918971184
ml1m,patt2,42,1-5,9,0.7376589661748327
ml1m,patt2,42,6-10,10,0.6980556780449627
ml1m,patt2,42,11-20,37,0.6092509118266815
ml1m,patt2,42,21-30,2818,0.46996626060655344
ml1m,patt2,42,user-macro,226,0.3952747780981712
ml1m,patt2,2026,1-5,9,0.6382116838726338
ml1m,patt2,2026,6-10,10,0.7302601817465209
ml1m,patt2,2026,11-20,37,0.6172065845931567
ml1m,patt2,2026,21-30,2818,0.473476427793518
ml1m,patt2,2026,user-macro,226,0.3952275370423132
ml1m,sasrec,14,1-5,9,0.6908400336949787
ml1m,sasrec,14,6-10,10,0.7601659996610974
ml1m,sasrec,14,11-20,37,0.683329771399404
ml1m,sasrec,14,21-30,2818,0.4687348742356775
ml1m,sasrec,14,user-macro,226,0.3907516626713852
ml1m,sasrec,42,1-5,9,0.7738070096560878
ml1m,sasrec,42,6-10,10,0.7731787482797705
ml1m,sasrec,42,11-20,37,0.6554256504870988
ml1m,sasrec,42,21-30,2818,0.4643869886570568
ml1m,sasrec,42,user-macro,226,0.37959881541506535
ml1m,sasrec,2026,1-5,9,0.7473469548941895
ml1m,sasrec,2026,6-10,10,0.7356267329579774
ml1m,sasrec,2026,11-20,37,0.6711625788205647
ml1m,sasrec,2026,21-30,2818,0.46240379530314424
ml1m,sasrec,2026,user-macro,226,0.3830767668330313
ml1m,gru4rec,14,1-5,9,0.6858257031848096
ml1m,gru4rec,14,6-10,10,0.8095982868370527
ml1m,gru4rec,14,11-20,37,0.55155801734494
ml1m,gru4rec,14,21-30,2818,0.45965329933178406
ml1m,gru4rec,14,user-macro,226,0.3847249324880194
ml1m,gru4rec,42,1-5,9,0.8547262294684788
ml1m,gru4rec,42,6-10,10,0.7350671137962739
ml1m,gru4rec,42,11-20,37,0.6510633638721127
ml1m,gru4rec,42,21-30,2818,0.46122912664853394
ml1m,gru4rec,42,user-macro,226,0.3756602165560502
ml1m,gru4rec,2026,1-5,9,0.7376589661748327
ml1m,gru4rec,2026,6-10,10,0.7433138559678718
ml1m,gru4rec,2026,11-20,37,0.6574080745435549
ml1m,gru4rec,2026,21-30,2818,0.4605961820551163
ml1m,gru4rec,2026,user-macro,226,0.394337318073374
ml1m,lcpatt2,14,1-5,9,0.8401784790716501
ml1m,lcpatt2,14,6-10,10,0.7718515153839239
ml1m,lcpatt2,14,11-20,37,0.6561598748973317
ml1m,lcpatt2,14,21-30,2818,0.4747844874964592
ml1m,lcpatt2,14,user-macro,226,0.39508017214203744
ml1m,lcpatt2,42,1-5,9,0.78659876360565
ml1m,lcpatt2,42,6-10,10,0.7410657717261977
ml1m,lcpatt2,42,11-20,37,0.6611098354534779
ml1m,lcpatt2,42,21-30,2818,0.47216752375599186
ml1m,lcpatt2,42,user-macro,226,0.389258490008215
ml1m,lcpatt2,2026,1-5,9,0.7353407438056597
ml1m,lcpatt2,2026,6-10,10,0.7123989747914021
ml1m,lcpatt2,2026,11-20,37,0.6451421107965203
ml1m,lcpatt2,2026,21-30,2818,0.4715082281161459
ml1m,lcpatt2,2026,user-macro,226,0.38686046257394746
