dataset,model,group,mean,sample_std,n
grocery,patt2,1-5,0.354763669811935,0.000810455941100402,6724
grocery,patt2,6-10,0.37043063475997345,0.0016639296692626572,4745
grocery,patt2,11-20,0.40247665324047927,0.005060456433239463,2069
grocery,patt2,21-30,0.4087413987332417,0.0017584678121652514,1143
grocery,patt2,user-macro,0.3707540284761373,0.0013981090575811068,14681
grocery,sasrec,1-5,0.312321578956213,0.0006498642457323558,6724
grocery,sasrec,6-10,0.32599558298010495,0.00242141292165459,4745
grocery,sasrec,11-20,0.40150431507201945,0.004599284846410169,2069
grocery,sasrec,21-30,0.4412721696721323,0.0070246074750179134,1143
grocery,sasrec,user-macro,0.3393492170806777,0.0006598541960151593,14681
grocery,gru4rec,1-5,0.2747434158619912,0.0036314112838802255,6724
grocery,gru4rec,6-10,0.3003394173022828,0.0014484045906033875,4745
grocery,gru4rec,11-20,0.37163033522249794,0.007837299498891939,2069
grocery,gru4rec,21-30,0.4080715557142705,0.012839671098795025,1143
grocery,gru4rec,user-macro,0.30705089674491653,0.00386136015012077,14681
grocery,lcpatt2,1-5,0.3289779554872084,0.0022004247670388078,6724
grocery,lcpatt2,6-10,0.34596374349899167,0.0009978810288378418,4745
grocery,lcpatt2,11-20,0.3966674889723893,0.005681105700277903,2069
grocery,lcpatt2,21-30,0.42180769852294336,0.003971309583583363,1143
grocery,lcpatt2,user-macro,0.351234723090682,0.0001683076406880055,14681
ml1m,patt2,1-5,0.680164323776348,0.051513162109153236,9
ml1m,patt2,6-10,0.7251809212225518,0.024976019059063437,10
ml1m,patt2,11-20,0.6137693198218329,0.004086543196227149,37
ml1m,patt2,21-30,0.47167517086267324,0.001756904764453739,2818
ml1m,patt2,user-macro,0.39360782144339873,0.002846439672065143,226
ml1m,sasrec,1-5,0.7373313327484187,0.0423805886020706,9
ml1m,sasrec,6-10,0.7563238269662818,0.019068565282806024,10
ml1m,sasrec,11-20,0.6699726669023559,0.013990064644309508,37
ml1m,sasrec,21-30,0.4651752193986262,0.0032383052495028562,2818
ml1m,sasrec,user-macro,0.38447574830649395,0.0057065192852577854,226
ml1m,gru4rec,1-5,0.759403632942707,0.08652438872572013,9
ml1m,gru4rec,6-10,0.7626597522003995,0.04085855742055057,10
ml1m,gru4rec,11-20,0.6200098185868692,0.059365820623693145,37
ml1m,gru4rec,21-30,0.46049286934514483,0.0007929773452533365,2818
ml1m,gru4rec,user-macro,0.3849074890391479,0.009339888941677775,226
ml1m,lcpatt2,1-5,0.7873726621609866,0.052423152071922774,9
ml1m,lcpatt2,6-10,0.7417720873005079,0.029732563074754418,10
ml1m,lcpatt2,11-20,0.6541372737157767,0.00817375338108659,37
ml1m,lcpatt2,21-30,0.47282007978953233,0.0017328707148703117,2818
ml1m,lcpatt2,user-macro,0.39039970824139997,0.00422701911963416,226
