dataset,model,metric,n_seeds,mean,sample_std,seed14,seed42,seed2026
grocery,patt2,HR@5,3,0.4269009831301228,0.002525168722437091,0.4270826237994687,0.424289898508276,0.4293304270826238
grocery,patt2,NDCG@5,3,0.3060784755963113,0.0017781418268557109,0.30658451484571037,0.3041021650603131,0.3075487468829104
grocery,patt2,HR@20,3,0.6511590945212633,0.0022064855914912464,0.6497513793338329,0.6500238403378517,0.6537020638921054
grocery,patt2,NDCG@20,3,0.3707540284761373,0.0013981090575811005,0.37095603429524243,0.36926590474499926,0.3720401463881703
grocery,patt2,CC_unique@5,3,0.02135512702697262,4.4861766193553986e-05,0.021403723872718657,0.02131529354685294,0.021346363661346266
grocery,patt2,ILD_Jaccard_unique@5,3,0.08550734509456763,0.001020418598563478,0.08662216470267804,0.08461957632313956,0.0852802942578853
grocery,patt2,CC_unique@20,3,0.03275427403282627,5.661261104245312e-05,0.032780165794904115,0.032793310843343505,0.032689345460231195
grocery,patt2,ILD_Jaccard_unique@20,3,0.08767006406418085,0.00031730242897258585,0.08768332861306091,0.08798052620823342,0.08734633737124822
grocery,sasrec,HR@5,3,0.3795835887655246,0.0013628725289793276,0.3795381785981881,0.38096859886928686,0.3782439888290988
grocery,sasrec,NDCG@5,3,0.2854341959200952,0.0006227506420100929,0.28610539174250627,0.28532207169438195,0.2848751243233975
grocery,sasrec,HR@20,3,0.5696932543196421,0.0028448482247678403,0.5686261153872352,0.5729173762005313,0.56753627137116
grocery,sasrec,NDCG@20,3,0.33934921708067767,0.0006598541960151672,0.3396449269037975,0.3398094940095781,0.33859323032865746
grocery,sasrec,CC_unique@5,3,0.0212806384191489,5.24169853133031e-05,0.021337998630521278,0.02123522825181243,0.021268688375112997
grocery,sasrec,ILD_Jaccard_unique@5,3,0.08412914651590557,0.0011703738363616244,0.08543014781009559,0.08316190995163861,0.08379538178598253
grocery,sasrec,CC_unique@20,3,0.03261246684360024,5.88147775004817e-05,0.032679785425002564,0.032586575081522434,0.03257104002427571
grocery,sasrec,ILD_Jaccard_unique@20,3,0.08647924217600272,0.0003545515233522808,0.08687885164856347,0.08635651522375391,0.0862023596556908
grocery,gru4rec,HR@5,3,0.3401902686011398,0.005134612982464503,0.3377154144813024,0.34609359035488046,0.33676180096723657
grocery,gru4rec,NDCG@5,3,0.2411904141948819,0.0043980540252962904,0.24027156476169526,0.24597530605373563,0.23732437176921484
grocery,gru4rec,HR@20,3,0.5718275321844561,0.004601688101370363,0.5676043866221647,0.5767318302567945,0.5711463796744091
grocery,gru4rec,NDCG@20,3,0.30705089674491653,0.0038613601501207755,0.3057216433947269,0.31140129557211166,0.3040297512679111
grocery,gru4rec,CC_unique@5,3,0.020985870666263295,0.00023985477930589159,0.020944842181740066,0.02124359328263757,0.020769176534412244
grocery,gru4rec,ILD_Jaccard_unique@5,3,0.07745612242581044,0.005299280434926502,0.07655473060418129,0.08314828690143773,0.0726653497718123
grocery,gru4rec,CC_unique@20,3,0.031277248589987726,0.00037832664274041683,0.031333015462155354,0.03162459653663158,0.03087413377117625
grocery,gru4rec,ILD_Jaccard_unique@20,3,0.07899696110380158,0.002155449841942143,0.0794173636529848,0.08091123865791329,0.07666228100050666
grocery,lcpatt2,HR@5,3,0.40562631973298824,0.0020649147048871475,0.40446836046590834,0.40440024521490364,0.40801035351815274
grocery,lcpatt2,NDCG@5,3,0.292656547577796,0.0013829042438864984,0.2920872654130418,0.2916491505375046,0.2942332267828417
grocery,lcpatt2,HR@20,3,0.6102218286674387,0.0028997689850203665,0.6114706082691914,0.6122879912812479,0.6069068864518766
grocery,lcpatt2,NDCG@20,3,0.351234723090682,0.00016830764068800363,0.3513756399995454,0.3510483582925445,0.3512801709799561
grocery,lcpatt2,CC_unique@5,3,0.021350745344159542,8.612602699889243e-05,0.021449134040055134,0.021289003449974038,0.021314098542449453
grocery,lcpatt2,ILD_Jaccard_unique@5,3,0.08572985491451639,0.001968247902223052,0.08796403514747089,0.08425175396771413,0.08497377562836413
grocery,lcpatt2,CC_unique@20,3,0.03243958953988065,0.00016979158156599442,0.032480219689602734,0.032585380077118815,0.0322531688529204
grocery,lcpatt2,ILD_Jaccard_unique@20,3,0.08574885548452818,0.0010745948378901155,0.08599478739078752,0.0866791664127231,0.08457261265007394
ml1m,patt2,HR@5,3,0.5289955926699141,0.004077568042506875,0.5320111343075853,0.5243562978427279,0.5306193458594294
ml1m,patt2,NDCG@5,3,0.39073681465835824,0.001828932704787591,0.39053580139230926,0.38901669225481433,0.3926579503279511
ml1m,patt2,HR@20,3,0.8204592901878914,0.00423295931127228,0.8232428670842032,0.8155880306193458,0.8225469728601252
ml1m,patt2,NDCG@20,3,0.47503945179214807,0.0016729424260622308,0.4749908613864382,0.47339133389105,0.476736160098956
ml1m,patt2,CC_unique@5,3,0.3317740147942018,0.0032089814421188416,0.3354790071909134,0.3299698445836291,0.32987319260806297
ml1m,patt2,ILD_Jaccard_unique@5,3,0.7558477528875934,0.0059795990806419215,0.762378163281086,0.7545244308579397,0.7506406645237547
ml1m,patt2,CC_unique@20,3,0.6697659733498309,0.0011663027705457385,0.6709966751720431,0.6696242171190006,0.6686770277584492
ml1m,patt2,ILD_Jaccard_unique@20,3,0.7982165307531579,0.0021537152126225078,0.800652802703814,0.7974307412290892,0.7965660483265706
ml1m,sasrec,HR@5,3,0.526675945256321,0.0016443338991832682,0.5285316631871956,0.5260960334029228,0.5254001391788448
ml1m,sasrec,NDCG@5,3,0.38567955342423166,0.0016357235399433517,0.3875663614344364,0.38466159642726966,0.3848107024109889
ml1m,sasrec,HR@20,3,0.8177916956622594,0.0070051815683328895,0.8242867084203201,0.8187195546276966,0.8103688239387613
ml1m,sasrec,NDCG@20,3,0.46967709714861317,0.003209646337614354,0.47320713202428066,0.4688898168661486,0.46693434255541016
ml1m,sasrec,CC_unique@5,3,0.340775535451952,0.0012954249538208924,0.3393257558184565,0.34118147374933033,0.3418193767880692
ml1m,sasrec,ILD_Jaccard_unique@5,3,0.7685116378183529,0.0006624894678937773,0.7684831991251615,0.7691878886790152,0.767863825650882
ml1m,sasrec,CC_unique@20,3,0.6726913064769732,0.003360172804133445,0.669972164231039,0.6764478465939867,0.6716539086058938
ml1m,sasrec,ILD_Jaccard_unique@20,3,0.8013079185146808,0.002481684625738062,0.7990951885338481,0.8039911881013133,0.8008373789088808
ml1m,gru4rec,HR@5,3,0.5193690559035027,0.009082241684273665,0.510786360473208,0.5288796102992345,0.5184411969380655
ml1m,gru4rec,NDCG@5,3,0.37857041680921244,0.0044999061681319395,0.3737910373696417,0.3827256955670948,0.37919451749090083
ml1m,gru4rec,HR@20,3,0.816515889584783,0.0008756476960416359,0.8166318719554627,0.8155880306193458,0.8173277661795407
ml1m,gru4rec,NDCG@20,3,0.46453392460710524,0.0015956213216874536,0.46276237242719687,0.46585811780167563,0.4649812835924432
ml1m,gru4rec,CC_unique@5,3,0.34263769684786427,0.004095870037744897,0.3458014381814046,0.33801128895075305,0.3441003634114352
ml1m,gru4rec,ILD_Jaccard_unique@5,3,0.7758000114141389,0.007379321821519149,0.7717319343650254,0.7713500347947122,0.784318065082679
ml1m,gru4rec,CC_unique@20,3,0.6687607928039409,0.005064575816353395,0.6714992654449878,0.6629165700146926,0.6718665429521421
ml1m,gru4rec,ILD_Jaccard_unique@20,3,0.8024178719822059,0.004558258020019815,0.8017248097336834,0.7982458342271836,0.8072829719857507
ml1m,lcpatt2,HR@5,3,0.5281837160751566,0.005749029798837285,0.534794711203897,0.5243562978427279,0.5254001391788448
ml1m,lcpatt2,NDCG@5,3,0.3921369952850563,0.0038989706504493665,0.39647773494429694,0.39100125415264436,0.3889319967582276
ml1m,lcpatt2,HR@20,3,0.8215031315240083,0.004563283593807934,0.8208072372999304,0.8173277661795407,0.826374391092554
ml1m,lcpatt2,NDCG@20,3,0.4770752048736394,0.0020032221465759474,0.4792973982608585,0.47652024789348524,0.4754079684665745
ml1m,lcpatt2,CC_unique@5,3,0.32948014124076,0.003090707933539157,0.33294672543107423,0.32848140415990723,0.3270122941312986
ml1m,lcpatt2,ILD_Jaccard_unique@5,3,0.7508727673393625,0.004432187150521893,0.7530651655234101,0.7537814809291821,0.7457716555654953
ml1m,lcpatt2,CC_unique@20,3,0.6669050748730664,0.002927411612597426,0.6699528338359256,0.6666473362715564,0.6641150545117172
ml1m,lcpatt2,ILD_Jaccard_unique@20,3,0.7953106731202092,0.002232128550510079,0.7966572703505463,0.7965406361240616,0.7927341128860196
